id,first_name,last_name,email,gender,salary,age
1,Janaya,Megany,jmegany0@mtv.com,Female,6396,37
2,Anett,Widdowfield,awiddowfield1@ibm.com,Female,9191,28
3,Tani,Mathelon,tmathelon2@myspace.com,Female,1554,39
4,Chaunce,Iacovuzzi,ciacovuzzi3@bluehost.com,Male,1594,34
5,Leoline,Collidge,lcollidge4@huffingtonpost.com,Female,6050,25
6,Arleyne,Tremmil,atremmil5@123-reg.co.uk,Female,7102,50
7,Willey,Flattman,wflattman6@smugmug.com,Male,4975,49
8,Helene,Marchi,hmarchi7@va.gov,Female,4058,41
9,Berke,Widmoor,bwidmoor8@last.fm,Male,3969,38
10,Fredric,Diviney,fdiviney9@list-manage.com,Male,1300,25
11,Darrick,Tethacot,dtethacota@upenn.edu,Male,9530,32
12,Lilla,Kimbrey,lkimbreyb@comcast.net,Female,8963,44
13,Jennifer,Belford,jbelfordc@dailymotion.com,Female,1856,24
14,Dew,Pellatt,dpellattd@blogger.com,Male,5200,44
15,Rickie,Brayshay,rbrayshaye@plala.or.jp,Male,2906,43
16,Inge,Claypoole,iclaypoolef@virginia.edu,Female,6675,22
17,Jocelyne,Walster,jwalsterg@noaa.gov,Female,6938,37
18,Michel,Perche,mpercheh@businessweek.com,Female,7020,43
19,Cordie,Alsopp,calsoppi@digg.com,Male,3082,27
20,Deni,Collough,dcolloughj@un.org,Female,3655,43
21,Jenny,Rachuig,jrachuigk@blogtalkradio.com,Female,4819,50
22,Gearard,Tidbold,gtidboldl@earthlink.net,Male,2015,35
23,Oswald,Blees,obleesm@meetup.com,Male,3308,35
24,Ware,Bernolet,wbernoletn@elegantthemes.com,Male,1249,48
25,Aeriel,Boch,abocho@mayoclinic.com,Female,3349,30
26,Ashil,Mikalski,amikalskip@yolasite.com,Female,2006,37
27,Felipe,Tander,ftanderq@paginegialle.it,Male,7089,28
28,Isabel,Doble,idobler@rakuten.co.jp,Female,3006,30
29,Dorise,Boggish,dboggishs@buzzfeed.com,Female,8894,44
30,Joceline,Smerdon,jsmerdont@youtu.be,Female,7980,46
31,Glenda,Orpwood,gorpwoodu@mit.edu,Female,7495,22
32,Jonell,Gierhard,jgierhardv@sphinn.com,Female,4955,34
33,Joy,Matevosian,jmatevosianw@earthlink.net,Genderqueer,1690,50
34,Derry,Vischi,dvischix@economist.com,Male,3738,38
35,Davidde,Gonnel,dgonnely@amazon.co.uk,Male,3274,40
36,Ira,Rosevear,irosevearz@gnu.org,Female,5844,34
37,Shaine,Cavanaugh,scavanaugh10@marriott.com,Female,9688,22
38,Desmund,Racher,dracher11@japanpost.jp,Male,4278,24
39,Alexandr,Dancy,adancy12@ycombinator.com,Male,9544,42
40,Bethany,Poulsen,bpoulsen13@marketwatch.com,Female,6001,30
41,Cly,Dumphry,cdumphry14@mashable.com,Male,1527,24
42,Drusie,Englefield,denglefield15@ihg.com,Female,1936,44
43,Bertrand,Garrioch,bgarrioch16@google.com.au,Male,2190,49
44,Nelli,Zammitt,nzammitt17@google.com,Polygender,6349,27
45,Haywood,Dodswell,hdodswell18@exblog.jp,Male,8577,28
46,Giovanni,Valens-Smith,gvalenssmith19@bloglines.com,Male,5560,28
47,Fara,Carlozzi,fcarlozzi1a@opensource.org,Female,4954,27
48,Marcellus,Minter,mminter1b@ovh.net,Male,9650,24
49,Natale,Corps,ncorps1c@rediff.com,Male,7398,24
50,Kattie,Jaukovic,kjaukovic1d@huffingtonpost.com,Female,5628,34
51,Louise,Luna,lluna1e@comcast.net,Female,8043,44
52,Benetta,Fibbings,bfibbings1f@bizjournals.com,Female,1791,23
53,Julee,Coniam,jconiam1g@ustream.tv,Female,1101,41
54,Alec,Marlon,amarlon1h@census.gov,Male,7075,43
55,Tabby,Mulcahy,tmulcahy1i@aol.com,Polygender,6299,43
56,Rriocard,Guyet,rguyet1j@ucsd.edu,Male,6487,46
57,Gregor,Guare,gguare1k@blogger.com,Male,1546,35
58,Kane,Leming,kleming1l@indiegogo.com,Male,3837,44
59,Torrance,Marshfield,tmarshfield1m@amazon.de,Male,8994,33
60,Packston,Baythrop,pbaythrop1n@smh.com.au,Male,1179,22
61,Kenton,Bresland,kbresland1o@themeforest.net,Male,8542,48
62,Garfield,Rosgen,grosgen1p@rambler.ru,Male,9902,44
63,Sybila,Burrel,sburrel1q@uol.com.br,Female,8004,33
64,Cassey,Quillinane,cquillinane1r@tripadvisor.com,Female,7698,44
65,Nicola,Pyffe,npyffe1s@vistaprint.com,Female,7718,41
66,Agatha,Bartolini,abartolini1t@shinystat.com,Female,4432,27
67,Fairlie,Taile,ftaile1u@google.ca,Male,3191,35
68,Curt,Laborde,claborde1v@mediafire.com,Male,9629,49
69,Padgett,Lukesch,plukesch1w@blogs.com,Male,9191,35
70,Cody,Squibe,csquibe1x@oracle.com,Male,3756,24
71,Ruthe,Hardistry,rhardistry1y@scribd.com,Female,1961,36
72,Gilberto,O'Shevlan,goshevlan1z@artisteer.com,Male,8204,31
73,Del,Brocket,dbrocket20@state.gov,Female,2141,30
74,Ramsay,Critchell,rcritchell21@miitbeian.gov.cn,Male,8143,22
75,Farica,Kleynermans,fkleynermans22@hao123.com,Female,5263,21
76,Eachelle,Whatman,ewhatman23@amazon.co.jp,Female,9289,35
77,Cirillo,Vollam,cvollam24@abc.net.au,Male,4012,40
78,Laryssa,Ladell,lladell25@eepurl.com,Female,1015,40
79,Dollie,Boothroyd,dboothroyd26@chronoengine.com,Genderqueer,6526,50
80,Boote,Bolens,bbolens27@meetup.com,Male,3036,30
81,Bridget,Omar,bomar28@ed.gov,Female,1772,22
82,Reg,Brunini,rbrunini29@about.com,Male,2022,20
83,Leandra,Jelly,ljelly2a@g.co,Female,2345,34
84,Jerrilee,Vellacott,jvellacott2b@alibaba.com,Female,6782,47
85,Dannie,Anster,danster2c@ihg.com,Female,7736,47
86,Torie,Bonhan,tbonhan2d@eepurl.com,Female,4393,23
87,Raoul,Teal,rteal2e@51.la,Male,9194,36
88,Gaultiero,Markwell,gmarkwell2f@telegraph.co.uk,Male,7659,37
89,Kelly,Ludwell,kludwell2g@phpbb.com,Female,2796,25
90,Linette,Cratchley,lcratchley2h@mtv.com,Polygender,9230,44
91,Margalo,Janowski,mjanowski2i@elpais.com,Female,5311,46
92,Kaye,Andrieux,kandrieux2j@nytimes.com,Female,4757,44
93,Amory,Dancy,adancy2k@netscape.com,Male,2767,27
94,Hector,Aird,haird2l@cbslocal.com,Male,10000,29
95,Vinita,Annon,vannon2m@zimbio.com,Female,2758,23
96,Annabelle,Coggen,acoggen2n@theatlantic.com,Female,9299,50
97,Tera,Kilsby,tkilsby2o@uiuc.edu,Female,7576,28
98,Lucky,Falconer,lfalconer2p@w3.org,Female,1639,50
99,Felizio,Lubeck,flubeck2q@bluehost.com,Genderfluid,6650,37
100,Dion,Ayree,dayree2r@dagondesign.com,Male,7836,32
101,Graham,Dockree,gdockree2s@nymag.com,Male,9096,34
102,Carleton,Sherville,csherville2t@nsw.gov.au,Male,8293,41
103,Nate,Ciccetti,nciccetti2u@ifeng.com,Male,5497,27
104,Lyndell,Rulf,lrulf2v@photobucket.com,Female,8536,41
105,Charmain,Duding,cduding2w@slate.com,Female,3814,45
106,Dill,Frick,dfrick2x@cbslocal.com,Male,7727,27
107,Marcy,Bodill,mbodill2y@usgs.gov,Female,7838,49
108,Trey,Searle,tsearle2z@studiopress.com,Male,1265,24
109,Georgianne,Salthouse,gsalthouse30@home.pl,Female,3801,44
110,Vladimir,Fryatt,vfryatt31@bravesites.com,Male,6057,50
111,Drusy,Miguel,dmiguel32@yellowbook.com,Female,4556,46
112,Lulu,Bessent,lbessent33@spotify.com,Female,9948,40
113,Cecilla,Trye,ctrye34@bizjournals.com,Female,8280,47
114,Christoffer,Tritton,ctritton35@reference.com,Male,5888,20
115,Diandra,Bliven,dbliven36@comcast.net,Female,9747,37
116,Wilfred,Gamil,wgamil37@uiuc.edu,Male,5884,35
117,Abe,Saph,asaph38@miibeian.gov.cn,Male,8859,28
118,Lexis,Rydzynski,lrydzynski39@vinaora.com,Female,4563,26
119,Latia,Tuckwood,ltuckwood3a@blogtalkradio.com,Female,4603,47
120,Theobald,Gaydon,tgaydon3b@ftc.gov,Male,3069,44
121,Yuri,Meth,ymeth3c@sbwire.com,Genderqueer,3193,38
122,Cammy,Bayford,cbayford3d@squidoo.com,Female,3066,42
123,Petrina,Robinet,probinet3e@imageshack.us,Female,5386,42
124,Sheffie,Greatex,sgreatex3f@icq.com,Male,6245,50
125,Sallie,Douglass,sdouglass3g@etsy.com,Female,6790,41
126,Berny,Morhall,bmorhall3h@topsy.com,Male,7241,26
127,Kristel,Oliveti,koliveti3i@ed.gov,Female,9868,35
128,Von,Sottell,vsottell3j@soup.io,Male,5117,39
129,Eunice,Acum,eacum3k@a8.net,Female,1325,36
130,Jami,Oag,joag3l@studiopress.com,Non-binary,8899,45
131,Andris,Iacopo,aiacopo3m@hud.gov,Male,6697,48
132,Karry,Venney,kvenney3n@youtube.com,Female,7347,32
133,Giuditta,Drane,gdrane3o@webmd.com,Female,1151,47
134,Loralie,Waryk,lwaryk3p@ibm.com,Female,5541,34
135,Selena,Ribeiro,sribeiro3q@cafepress.com,Agender,8685,42
136,Cathi,Wattinham,cwattinham3r@va.gov,Female,1742,21
137,Aryn,Sauniere,asauniere3s@buzzfeed.com,Female,4050,47
138,Georgena,Jeffress,gjeffress3t@europa.eu,Female,4365,46
139,Tamar,Strangward,tstrangward3u@columbia.edu,Non-binary,8755,21
140,Berky,Mallabon,bmallabon3v@fastcompany.com,Male,9839,34
141,Wilton,Hague,whague3w@hp.com,Male,7840,29
142,Franny,Tebbet,ftebbet3x@nature.com,Female,1875,32
143,Hali,Murtell,hmurtell3y@marriott.com,Female,3054,37
144,Charla,Chasemore,cchasemore3z@gmpg.org,Female,6225,47
145,Moses,Strass,mstrass40@dyndns.org,Male,8301,22
146,Nikolaus,Velareal,nvelareal41@homestead.com,Genderqueer,6421,38
147,Missie,Bartczak,mbartczak42@mapquest.com,Genderqueer,1495,44
148,Orton,Muckart,omuckart43@cdc.gov,Male,7599,32
149,Isabella,Klaesson,iklaesson44@biglobe.ne.jp,Female,5021,47
150,Sabra,Waltho,swaltho45@shareasale.com,Female,9058,45
151,Bertrando,Baggiani,bbaggiani46@microsoft.com,Agender,2509,49
152,Nike,Janaszkiewicz,njanaszkiewicz47@cafepress.com,Female,5649,34
153,Herminia,Kilshaw,hkilshaw48@tamu.edu,Female,5962,27
154,Friedrich,Patel,fpatel49@fda.gov,Male,9053,27
155,Amy,Rixon,arixon4a@newyorker.com,Female,5705,23
156,Phillipe,Ryman,pryman4b@fastcompany.com,Male,3455,25
157,Riki,Pree,rpree4c@amazon.com,Female,5836,31
158,Mildrid,Clausius,mclausius4d@shinystat.com,Female,2663,22
159,Alyson,Colley,acolley4e@google.es,Female,6049,48
160,Colan,Tosney,ctosney4f@opensource.org,Male,9608,29
161,Norine,Swindall,nswindall4g@ucoz.com,Female,1253,50
162,Cinda,Ferronet,cferronet4h@soup.io,Female,3256,32
163,Donetta,McCray,dmccray4i@cnn.com,Female,5543,35
164,Myer,Fryett,mfryett4j@yandex.ru,Male,8996,46
165,Roberto,Bromidge,rbromidge4k@nymag.com,Male,6944,45
166,Sargent,Scollick,sscollick4l@webnode.com,Male,6752,47
167,Letisha,Hopewell,lhopewell4m@studiopress.com,Female,9851,46
168,Brander,Ettritch,bettritch4n@yolasite.com,Male,7740,34
169,Tanny,Gavin,tgavin4o@noaa.gov,Male,2772,31
170,Carlee,Winspare,cwinspare4p@abc.net.au,Female,1488,31
171,Sinclare,Pinfold,spinfold4q@twitter.com,Male,1338,48
172,Jacinthe,Barabisch,jbarabisch4r@ihg.com,Female,8015,38
173,Reina,Ingre,ringre4s@ucla.edu,Female,3559,44
174,Allianora,Barthod,abarthod4t@sohu.com,Polygender,9423,45
175,Mycah,Whitfield,mwhitfield4u@washingtonpost.com,Male,2992,22
176,Elly,Ventris,eventris4v@example.com,Female,9665,34
177,Bogey,Diego,bdiego4w@cdc.gov,Male,9489,42
178,Wilden,Whinray,wwhinray4x@cornell.edu,Male,4149,35
179,Mora,Close,mclose4y@artisteer.com,Female,9223,44
180,Jedd,Crowche,jcrowche4z@deliciousdays.com,Male,7441,44
181,Felic,Holdron,fholdron50@timesonline.co.uk,Male,2707,41
182,Niven,Sorrel,nsorrel51@multiply.com,Male,8085,30
183,Dareen,Thome,dthome52@baidu.com,Female,9752,20
184,Maighdiln,Ionn,mionn53@reverbnation.com,Female,8363,34
185,Fabian,Francomb,ffrancomb54@theatlantic.com,Male,4484,47
186,Marna,Avarne,mavarne55@fotki.com,Female,2951,33
187,Mendel,Northfield,mnorthfield56@un.org,Agender,8514,25
188,Eolande,Glen,eglen57@geocities.jp,Female,8467,31
189,Lucy,Yashunin,lyashunin58@symantec.com,Female,2808,29
190,Carissa,Edis,cedis59@utexas.edu,Female,4853,43
191,Adelaide,Danilewicz,adanilewicz5a@edublogs.org,Female,2127,21
192,Rance,Tollet,rtollet5b@free.fr,Male,2878,34
193,Dino,Poate,dpoate5c@histats.com,Male,3510,34
194,Willy,Benettelli,wbenettelli5d@cnbc.com,Female,3540,32
195,Rudy,Fawlkes,rfawlkes5e@barnesandnoble.com,Male,8461,29
196,Jori,Whitlow,jwhitlow5f@youku.com,Female,5099,47
197,Maxie,Linstead,mlinstead5g@51.la,Male,4312,43
198,Joletta,Skone,jskone5h@bloomberg.com,Female,4681,48
199,Melodee,Rollings,mrollings5i@marriott.com,Genderfluid,6536,40
200,Hillier,Wason,hwason5j@wix.com,Male,2042,41
201,Chantal,Corr,ccorr5k@cyberchimps.com,Female,6007,31
202,Shoshana,Nattriss,snattriss5l@springer.com,Female,9959,44
203,Ebenezer,Stachini,estachini5m@house.gov,Agender,2410,40
204,Falito,McGhee,fmcghee5n@github.com,Male,2070,20
205,Leelah,Kless,lkless5o@reference.com,Female,1407,32
206,Eal,Gehricke,egehricke5p@nymag.com,Male,8769,34
207,Fields,Andretti,fandretti5q@yolasite.com,Male,2370,28
208,Fredericka,Redhouse,fredhouse5r@ox.ac.uk,Female,4653,26
209,Reagan,Burmingham,rburmingham5s@nasa.gov,Male,2505,49
210,Leodora,Coneron,lconeron5t@sohu.com,Female,7724,27
211,Kelcey,Alps,kalps5u@guardian.co.uk,Female,6519,49
212,Ludovico,Baswall,lbaswall5v@msn.com,Male,3225,31
213,Curran,Eaddy,ceaddy5w@tripod.com,Male,2355,42
214,Bernette,Wherrett,bwherrett5x@latimes.com,Female,4152,50
215,Diahann,Wailes,dwailes5y@xrea.com,Female,6398,45
216,Abelard,Commin,acommin5z@eventbrite.com,Male,2950,48
217,Hewet,Ivanisov,hivanisov60@yellowbook.com,Male,5139,23
218,Winston,Liversley,wliversley61@histats.com,Male,7226,35
219,Errick,McCurtain,emccurtain62@about.me,Bigender,5771,26
220,Kacie,Ramshaw,kramshaw63@scribd.com,Female,9720,37
221,Lola,Dartnell,ldartnell64@deliciousdays.com,Female,8128,39
222,Dorie,Warne,dwarne65@vkontakte.ru,Male,3084,21
223,Dukie,Dankov,ddankov66@fc2.com,Male,8168,26
224,La verne,Spreull,lspreull67@artisteer.com,Female,5701,39
225,Giacinta,Chesman,gchesman68@free.fr,Female,8036,36
226,Bibbye,Colhoun,bcolhoun69@sfgate.com,Female,5247,49
227,Cherri,Garwell,cgarwell6a@usgs.gov,Female,7409,21
228,Ingaborg,Zanitti,izanitti6b@soup.io,Female,3357,46
229,Lorenza,Blesdill,lblesdill6c@zdnet.com,Female,2838,36
230,Clark,Heinemann,cheinemann6d@baidu.com,Non-binary,9009,23
231,Huntley,Boxall,hboxall6e@unesco.org,Male,4370,31
232,Orran,Halleybone,ohalleybone6f@answers.com,Male,8380,37
233,Laina,Sydall,lsydall6g@pagesperso-orange.fr,Female,3769,35
234,Donetta,Hurlin,dhurlin6h@sogou.com,Female,2667,27
235,Nichole,D'Andrea,ndandrea6i@seesaa.net,Male,7395,26
236,Aura,Androsik,aandrosik6j@icq.com,Female,4966,26
237,Cornall,Ducroe,cducroe6k@joomla.org,Male,2687,45
238,Symon,Beidebeke,sbeidebeke6l@ed.gov,Male,9082,22
239,Mignonne,Pirrey,mpirrey6m@4shared.com,Female,3395,47
240,Sheri,Hempshall,shempshall6n@canalblog.com,Genderqueer,1968,34
241,Donnajean,Hillitt,dhillitt6o@china.com.cn,Female,7746,23
242,Fee,Rosenstein,frosenstein6p@woothemes.com,Genderqueer,8498,44
243,Ailey,Dy,ady6q@prweb.com,Female,1447,23
244,Hanan,Daintry,hdaintry6r@jiathis.com,Male,1481,22
245,Gage,Dallmann,gdallmann6s@bizjournals.com,Male,7388,26
246,Karina,Laybourne,klaybourne6t@facebook.com,Female,9410,47
247,Patrizius,Hrishanok,phrishanok6u@dagondesign.com,Male,2551,44
248,Marten,Crocroft,mcrocroft6v@1688.com,Male,3455,40
249,Ivett,Bicker,ibicker6w@baidu.com,Female,7353,33
250,Judie,Waye,jwaye6x@yahoo.com,Female,3939,32
251,Quinn,Duxbury,qduxbury6y@live.com,Male,3040,48
252,Laney,Perez,lperez6z@eventbrite.com,Female,8258,44
253,Agustin,Camps,acamps70@phoca.cz,Male,7334,24
254,Tiebold,Tod,ttod71@wikimedia.org,Genderqueer,9109,38
255,Merralee,Robken,mrobken72@globo.com,Female,5232,38
256,Giralda,Pays,gpays73@ed.gov,Female,5134,38
257,Lemmy,Corness,lcorness74@geocities.jp,Male,7020,24
258,Garth,Le Ball,gleball75@sourceforge.net,Male,7844,23
259,Xylia,Hagerty,xhagerty76@surveymonkey.com,Female,3142,36
260,Federica,Adran,fadran77@google.cn,Female,6766,24
261,Piggy,Newsome,pnewsome78@jimdo.com,Male,8033,28
262,Catie,Doyland,cdoyland79@hibu.com,Female,8368,33
263,Allin,Ordidge,aordidge7a@timesonline.co.uk,Male,3750,45
264,Sigvard,Umney,sumney7b@twitpic.com,Male,1289,23
265,Whitney,Barnet,wbarnet7c@google.com,Male,1244,30
266,Axe,Elwell,aelwell7d@odnoklassniki.ru,Male,6120,44
267,Abie,Campaigne,acampaigne7e@businessinsider.com,Male,3344,23
268,Cornall,Furman,cfurman7f@apache.org,Male,8338,38
269,Doloritas,Kullmann,dkullmann7g@go.com,Female,2870,23
270,Nichols,Caldwall,ncaldwall7h@shareasale.com,Male,9799,43
271,Lorens,Keelinge,lkeelinge7i@cisco.com,Male,3594,40
272,Darrick,Marnes,dmarnes7j@stumbleupon.com,Male,7173,31
273,Ina,Snalom,isnalom7k@moonfruit.com,Genderfluid,1371,29
274,Haleigh,Truluck,htruluck7l@ameblo.jp,Male,7313,24
275,Natty,Galton,ngalton7m@squidoo.com,Male,8989,47
276,Jobyna,Fedorski,jfedorski7n@google.co.uk,Polygender,2777,28
277,Phelia,Tilte,ptilte7o@reddit.com,Female,7474,33
278,Leicester,Reyes,lreyes7p@theatlantic.com,Male,9554,33
279,Meggy,Storch,mstorch7q@altervista.org,Genderqueer,7566,44
280,Mariana,Oki,moki7r@abc.net.au,Female,5112,28
281,Ronnica,Seabridge,rseabridge7s@gizmodo.com,Female,8319,49
282,Amos,Bernot,abernot7t@meetup.com,Male,4112,50
283,Deb,Wetherald,dwetherald7u@who.int,Female,3591,50
284,Isidoro,Stiles,istiles7v@ning.com,Male,5039,26
285,Claudine,Andreas,candreas7w@seattletimes.com,Female,3507,20
286,Dulsea,Crowcroft,dcrowcroft7x@seesaa.net,Genderfluid,2038,20
287,Hazel,Gennings,hgennings7y@comcast.net,Female,7732,50
288,Tracy,Ferns,tferns7z@nationalgeographic.com,Female,5189,37
289,Almira,Mold,amold80@newyorker.com,Female,6050,28
290,Graham,Kenningham,gkenningham81@gravatar.com,Male,3485,20
291,Ameline,Mingay,amingay82@usda.gov,Female,1938,49
292,Corene,Rocks,crocks83@vimeo.com,Female,5210,47
293,Nikki,Rodliff,nrodliff84@cmu.edu,Female,7367,25
294,Josh,Nassi,jnassi85@walmart.com,Male,6277,30
295,Stanley,Pettett,spettett86@hugedomains.com,Male,8999,22
296,Jaye,De Rye Barrett,jderyebarrett87@de.vu,Male,1480,20
297,Lutero,Gotliffe,lgotliffe88@theguardian.com,Male,9667,44
298,Renata,Bedrosian,rbedrosian89@cafepress.com,Female,3331,23
299,Cathryn,Baldinotti,cbaldinotti8a@redcross.org,Female,6149,23
300,Minta,Stiell,mstiell8b@theglobeandmail.com,Female,9069,25
301,Carroll,Waddicor,cwaddicor8c@ovh.net,Male,6200,49
302,Georgina,Vowells,gvowells8d@webs.com,Female,1079,31
303,Avram,Stanyland,astanyland8e@independent.co.uk,Male,9807,41
304,Ilka,Roder,iroder8f@bandcamp.com,Female,6758,21
305,Herbert,Candlin,hcandlin8g@cbsnews.com,Male,1008,48
306,Douglas,Bedow,dbedow8h@who.int,Male,3363,43
307,Lazaro,Klemps,lklemps8i@guardian.co.uk,Male,1492,38
308,Jessee,Pelz,jpelz8j@paginegialle.it,Male,6571,45
309,Melva,Bemlott,mbemlott8k@apache.org,Female,3486,20
310,Tandi,Player,tplayer8l@ox.ac.uk,Female,1163,21
311,Becka,Redmire,bredmire8m@amazon.com,Genderqueer,7801,49
312,Tiertza,Duerdin,tduerdin8n@google.com.au,Female,2409,25
313,Ravi,Kuhnwald,rkuhnwald8o@networksolutions.com,Male,4485,24
314,Reggis,Shapcott,rshapcott8p@godaddy.com,Male,3652,43
315,Leda,Dalliston,ldalliston8q@sakura.ne.jp,Female,7444,44
316,Maye,Bard,mbard8r@fc2.com,Female,6012,21
317,Frank,Dyneley,fdyneley8s@tumblr.com,Male,3531,46
318,Guido,Larcher,glarcher8t@google.pl,Male,8167,40
319,Rorie,Ruos,rruos8u@ihg.com,Female,2773,23
320,Cass,Frammingham,cframmingham8v@adobe.com,Male,9320,31
321,Karlis,Keningham,kkeningham8w@sfgate.com,Genderfluid,2935,48
322,Millisent,De Courtney,mdecourtney8x@amazonaws.com,Female,1929,47
323,Lydia,Ilyushkin,lilyushkin8y@tinyurl.com,Female,8701,39
324,Lanie,Steggles,lsteggles8z@illinois.edu,Female,5056,32
325,Pepillo,Moehle,pmoehle90@who.int,Male,5089,21
326,Ronnie,Hudspeth,rhudspeth91@walmart.com,Male,8732,41
327,Skyler,Barajas,sbarajas92@shinystat.com,Male,8477,43
328,Ardis,Kiera,akiera93@creativecommons.org,Female,7420,50
329,Bobbye,Wordington,bwordington94@uol.com.br,Female,9947,43
330,Syman,Kinnaird,skinnaird95@wisc.edu,Male,3587,25
331,Kingsly,Zupo,kzupo96@aol.com,Male,4534,29
332,Dillie,Towe,dtowe97@webs.com,Male,5044,27
333,Kurtis,Wickerson,kwickerson98@prnewswire.com,Male,4736,26
334,Aldin,Yashin,ayashin99@hugedomains.com,Male,8400,35
335,Domingo,Lung,dlung9a@walmart.com,Male,6298,35
336,Der,McGowing,dmcgowing9b@about.me,Male,6223,50
337,Bab,Bothie,bbothie9c@com.com,Non-binary,3135,36
338,Karalee,Conaboy,kconaboy9d@artisteer.com,Female,5282,21
339,Jaquith,Saunderson,jsaunderson9e@nbcnews.com,Female,3974,32
340,Barny,Flippini,bflippini9f@wix.com,Agender,9809,48
341,Bartholomew,Butterly,bbutterly9g@bloomberg.com,Male,4779,29
342,Dun,McGiveen,dmcgiveen9h@netscape.com,Bigender,9292,31
343,Dania,Wozencroft,dwozencroft9i@vkontakte.ru,Female,2763,34
344,Jordain,Brighty,jbrighty9j@mysql.com,Female,9091,38
345,Korry,Hunsworth,khunsworth9k@nps.gov,Female,2237,32
346,Cecelia,Shambrooke,cshambrooke9l@patch.com,Female,2702,29
347,Faulkner,Canto,fcanto9m@360.cn,Polygender,6127,20
348,Selby,Grundwater,sgrundwater9n@de.vu,Genderqueer,5590,23
349,Melina,Gannon,mgannon9o@digg.com,Female,7821,23
350,Ogden,Boxen,oboxen9p@nhs.uk,Male,8198,41
351,Grover,Junkinson,gjunkinson9q@ameblo.jp,Male,6297,33
352,Titos,Fiennes,tfiennes9r@reverbnation.com,Male,7111,23
353,Osgood,Simonett,osimonett9s@google.com.br,Genderqueer,4237,27
354,Ilysa,Dawidowitsch,idawidowitsch9t@admin.ch,Female,6510,43
355,Matty,Geeve,mgeeve9u@buzzfeed.com,Female,7131,37
356,Pierre,Dumini,pdumini9v@weather.com,Male,3230,46
357,Jamison,Custy,jcusty9w@dailymotion.com,Male,5614,39
358,Madalyn,Cuolahan,mcuolahan9x@msn.com,Female,7562,31
359,Kincaid,Jaggi,kjaggi9y@goo.ne.jp,Male,2173,23
360,Ruperta,Tipperton,rtipperton9z@google.com.hk,Female,3228,50
361,Renell,Master,rmastera0@vistaprint.com,Female,2845,25
362,Teddie,Fussie,tfussiea1@seesaa.net,Female,7076,24
363,Yolanthe,Meynell,ymeynella2@ucoz.com,Female,9818,28
364,Lyndsey,Stroobant,lstroobanta3@pinterest.com,Female,1328,20
365,Jackson,Winson,jwinsona4@1und1.de,Male,4668,23
366,Nicoline,Quittonden,nquittondena5@csmonitor.com,Female,7388,33
367,Susanetta,Fellona,sfellonaa6@va.gov,Female,3581,22
368,Abbey,Tipens,atipensa7@vkontakte.ru,Male,6177,23
369,Adrian,Pond-Jones,apondjonesa8@skyrock.com,Bigender,6847,44
370,Ines,Jaffa,ijaffaa9@mtv.com,Female,7320,33
371,Bekki,Calow,bcalowaa@hhs.gov,Female,9908,32
372,Merwyn,Gariff,mgariffab@51.la,Male,8141,36
373,Cecilio,Jefferd,cjefferdac@ucsd.edu,Genderqueer,4960,39
374,Olympia,Whitticks,owhitticksad@weather.com,Female,1142,21
375,Koo,Luckings,kluckingsae@barnesandnoble.com,Female,5054,28
376,Worthy,Eastham,weasthamaf@behance.net,Male,6747,46
377,Adelind,Mackison,amackisonag@github.io,Female,5463,49
378,Elenore,Ragdale,eragdaleah@over-blog.com,Female,2924,29
379,Hamid,Kochel,hkochelai@cdc.gov,Male,5085,22
380,Faber,Dillingston,fdillingstonaj@nymag.com,Male,7275,34
381,Odille,Bolle,obolleak@dion.ne.jp,Female,3869,20
382,Karen,Cranmore,kcranmoreal@nps.gov,Female,6122,30
383,Stanislaw,Kirkbright,skirkbrightam@utexas.edu,Male,2397,40
384,Brittney,Alderman,baldermanan@google.de,Female,4075,42
385,Rikki,Gehrtz,rgehrtzao@histats.com,Male,6743,29
386,Welbie,Galpen,wgalpenap@mysql.com,Male,4664,37
387,Conrado,Clemanceau,cclemanceauaq@springer.com,Male,6975,25
388,Olenolin,Allcock,oallcockar@intel.com,Male,7920,30
389,Hersh,Gullifant,hgullifantas@issuu.com,Male,9025,33
390,Willdon,Campanelli,wcampanelliat@irs.gov,Genderqueer,3061,34
391,Katleen,Wadham,kwadhamau@taobao.com,Female,8975,46
392,Izzy,Hallitt,ihallittav@chronoengine.com,Male,2018,49
393,Donnie,Blaney,dblaneyaw@tuttocitta.it,Genderqueer,3058,22
394,Lelah,Swetman,lswetmanax@dedecms.com,Female,8250,37
395,Anny,Celler,acelleray@behance.net,Female,6451,24
396,Myrtia,Kyncl,mkynclaz@goodreads.com,Female,8173,38
397,Lilia,Fairy,lfairyb0@redcross.org,Female,2899,22
398,Kessiah,MacVagh,kmacvaghb1@wunderground.com,Bigender,9816,27
399,Rancell,Edwins,redwinsb2@accuweather.com,Male,3997,29
400,Deena,Drews,ddrewsb3@mashable.com,Female,9934,41
401,Siobhan,Caulcutt,scaulcuttb4@shutterfly.com,Female,6341,34
402,Stu,Balam,sbalamb5@japanpost.jp,Male,8067,34
403,Latisha,Evershed,levershedb6@scientificamerican.com,Female,7151,48
404,Cullin,Wildman,cwildmanb7@vinaora.com,Male,3781,34
405,Dallas,Braikenridge,dbraikenridgeb8@home.pl,Male,5476,29
406,Guenevere,Gallaher,ggallaherb9@homestead.com,Female,5204,31
407,Judah,Hemphall,jhemphallba@disqus.com,Male,6030,23
408,Igor,Menichi,imenichibb@abc.net.au,Male,1810,30
409,Sayre,Whoston,swhostonbc@theglobeandmail.com,Female,2472,48
410,Marleah,Conry,mconrybd@phoca.cz,Female,7201,47
411,Timothea,Boagey,tboageybe@over-blog.com,Female,1248,37
412,Sherwin,Howse,showsebf@mashable.com,Male,3823,37
413,Fernande,Gerald,fgeraldbg@archive.org,Female,4799,36
414,West,McGraw,wmcgrawbh@mapy.cz,Male,2492,35
415,Nert,Monks,nmonksbi@nba.com,Female,9917,20
416,Oran,Siehard,osiehardbj@artisteer.com,Male,3970,23
417,Geoff,Heisler,gheislerbk@ucoz.com,Male,9297,36
418,Avrom,Birckmann,abirckmannbl@npr.org,Male,8177,44
419,Cosetta,Hartrick,chartrickbm@oaic.gov.au,Female,5293,22
420,Annabelle,Columbine,acolumbinebn@mit.edu,Female,6639,20
421,Shay,Lundie,slundiebo@cpanel.net,Male,4382,39
422,Orion,Wolsey,owolseybp@gravatar.com,Male,5278,46
423,Shawn,Hostan,shostanbq@uiuc.edu,Male,5240,31
424,Ruthe,Nolin,rnolinbr@nhs.uk,Female,3011,21
425,Fielding,Amer,famerbs@alibaba.com,Male,6080,22
426,Grover,Lyptratt,glyptrattbt@networkadvertising.org,Male,3613,50
427,Denis,Braywood,dbraywoodbu@freewebs.com,Male,6992,39
428,Philis,Studde,pstuddebv@biglobe.ne.jp,Female,8671,44
429,Annalise,Telezhkin,atelezhkinbw@ask.com,Female,9016,35
430,Teodora,Panniers,tpanniersbx@reverbnation.com,Female,5807,37
431,Keely,Kivell,kkivellby@wsj.com,Female,6335,26
432,Tam,Skudder,tskudderbz@alibaba.com,Male,2054,20
433,Waverley,Busby,wbusbyc0@booking.com,Male,6900,44
434,Karalee,Kintish,kkintishc1@facebook.com,Female,3750,40
435,Dari,Osant,dosantc2@craigslist.org,Female,2581,33
436,Freemon,Whitehurst,fwhitehurstc3@usgs.gov,Male,3491,42
437,Kiel,Ingledow,kingledowc4@is.gd,Male,3510,37
438,Imojean,Peevor,ipeevorc5@meetup.com,Female,8729,26
439,Adriana,Vila,avilac6@ning.com,Female,5775,41
440,Chane,Doddemeede,cdoddemeedec7@vinaora.com,Bigender,2859,45
441,Jacquenetta,Rosi,jrosic8@ftc.gov,Female,3781,50
442,Milton,Oxx,moxxc9@vistaprint.com,Genderfluid,5867,28
443,Kellia,Buckney,kbuckneyca@cdbaby.com,Female,3603,28
444,Forrest,Markussen,fmarkussencb@fc2.com,Male,3423,42
445,Sheelah,Haselgrove,shaselgrovecc@blinklist.com,Female,3976,46
446,Jarrod,Delia,jdeliacd@pinterest.com,Male,1456,23
447,Caressa,McArthur,cmcarthurce@newsvine.com,Female,4516,43
448,Fredrick,Farloe,ffarloecf@twitter.com,Male,2113,42
449,Krishna,Melbert,kmelbertcg@uiuc.edu,Male,7769,28
450,Syd,Elsmere,selsmerech@sciencedirect.com,Male,6283,26
451,Asher,Agott,aagottci@japanpost.jp,Male,3875,25
452,Thacher,Damrell,tdamrellcj@cnbc.com,Male,3986,21
453,Reuben,Tebb,rtebbck@pagesperso-orange.fr,Male,1728,24
454,Cirilo,Gandy,cgandycl@zimbio.com,Male,3251,50
455,Dame,De Courtney,ddecourtneycm@omniture.com,Male,9200,49
456,Mandel,Wyd,mwydcn@rambler.ru,Male,2693,43
457,Carson,Fishpoole,cfishpooleco@sphinn.com,Male,3409,40
458,Claudell,Helleker,chellekercp@last.fm,Male,7569,33
459,Justinn,Sissons,jsissonscq@ameblo.jp,Female,4844,40
460,Farlie,Aingell,faingellcr@unblog.fr,Male,8126,42
461,Lanni,Senogles,lsenoglescs@phoca.cz,Female,7904,38
462,Faunie,Firby,ffirbyct@ow.ly,Female,2515,24
463,Pammi,MacGaughy,pmacgaughycu@parallels.com,Female,5458,31
464,Dale,Indruch,dindruchcv@behance.net,Female,1077,27
465,Gardie,Wedmore.,gwedmorecw@webeden.co.uk,Male,1815,43
466,Biron,Milksop,bmilksopcx@jiathis.com,Polygender,2989,29
467,Paco,Thunnerclef,pthunnerclefcy@house.gov,Male,4989,29
468,Arnuad,Apple,aapplecz@youtube.com,Male,1234,32
469,Griffie,Steanyng,gsteanyngd0@tripadvisor.com,Male,5832,32
470,Fredelia,Lammiman,flammimand1@artisteer.com,Female,3044,40
471,Collin,Floyd,cfloydd2@ovh.net,Male,2902,25
472,Josee,Winney,jwinneyd3@usnews.com,Female,4964,22
473,Charmain,Neeson,cneesond4@fc2.com,Female,2615,21
474,Clio,Hoyt,choytd5@yelp.com,Female,2061,22
475,Tatiania,Bagnall,tbagnalld6@earthlink.net,Female,5406,28
476,Wain,O'Duane,woduaned7@prlog.org,Male,6723,35
477,Lil,Dolby,ldolbyd8@narod.ru,Female,7504,37
478,Danya,Chucks,dchucksd9@paginegialle.it,Male,9853,46
479,Hamlen,Downing,hdowningda@bluehost.com,Male,5727,49
480,Sydney,MacNucator,smacnucatordb@icq.com,Male,7321,21
481,Simonne,Ericssen,sericssendc@netvibes.com,Non-binary,4818,39
482,Helenelizabeth,Wafer,hwaferdd@yellowpages.com,Female,1177,31
483,Dawna,Plastow,dplastowde@shutterfly.com,Female,7538,50
484,Glenn,O'Fairy,gofairydf@time.com,Female,3121,23
485,Maurise,Mosdall,mmosdalldg@gnu.org,Male,2918,44
486,Lorene,Laise,llaisedh@csmonitor.com,Female,6260,47
487,Kelly,Harse,kharsedi@aboutads.info,Female,4394,35
488,Ban,Billany,bbillanydj@elegantthemes.com,Male,7407,29
489,Keane,Witty,kwittydk@princeton.edu,Male,6191,35
490,Madelon,Bartholin,mbartholindl@naver.com,Female,6382,22
491,Emalia,Jesper,ejesperdm@netvibes.com,Non-binary,5505,48
492,Orazio,Dincey,odinceydn@nasa.gov,Male,8105,27
493,Quintilla,Kolakowski,qkolakowskido@scribd.com,Female,2678,41
494,Jamal,Brankley,jbrankleydp@weather.com,Male,4327,43
495,Eddi,Tabord,etaborddq@baidu.com,Female,7737,41
496,Mortie,Cassidy,mcassidydr@aboutads.info,Male,9547,30
497,Marshal,Danniel,mdannields@nydailynews.com,Male,5577,39
498,Hillard,Sally,hsallydt@ycombinator.com,Male,6943,28
499,Cloe,Keating,ckeatingdu@dedecms.com,Female,5988,40
500,Francisca,Broadbent,fbroadbentdv@posterous.com,Female,6081,21
501,Janifer,Houndsom,jhoundsomdw@google.com.hk,Female,3578,28
502,Sapphire,Marritt,smarrittdx@xing.com,Female,2202,42
503,Cody,Markova,cmarkovady@cdc.gov,Female,5189,34
504,Charmain,MacFadden,cmacfaddendz@photobucket.com,Female,3441,20
505,Doralia,Servant,dservante0@e-recht24.de,Female,9037,29
506,Nestor,Adriaan,nadriaane1@webeden.co.uk,Male,6285,41
507,Jocko,Averies,javeriese2@mysql.com,Male,9131,24
508,Ebeneser,Austin,eaustine3@zdnet.com,Male,3798,42
509,Heriberto,Eixenberger,heixenbergere4@sbwire.com,Male,3430,30
510,Bird,Kobpal,bkobpale5@multiply.com,Female,6451,42
511,See,Dugall,sdugalle6@sciencedaily.com,Male,8817,37
512,Decca,Lathee,dlatheee7@google.pl,Male,3645,23
513,Griffy,Laise,glaisee8@ihg.com,Male,5045,35
514,Mahmoud,Burnes,mburnese9@opera.com,Male,7508,27
515,Millisent,Foystone,mfoystoneea@constantcontact.com,Female,7582,39
516,Patrizio,Gendrich,pgendricheb@furl.net,Male,9316,38
517,Valeda,Roskelley,vroskelleyec@sitemeter.com,Female,4883,50
518,Alexandr,Kuhle,akuhleed@upenn.edu,Male,1223,48
519,Gerhardine,Marsden,gmarsdenee@rambler.ru,Female,4383,47
520,Felicdad,Abramamovh,fabramamovhef@abc.net.au,Female,3025,43
521,Gabbie,Conyer,gconyereg@barnesandnoble.com,Female,4729,25
522,Padraig,Bener,pbenereh@youtube.com,Male,3478,37
523,Gaynor,Cursons,gcursonsei@cam.ac.uk,Female,6594,44
524,Thomas,Kitcat,tkitcatej@ovh.net,Male,7220,47
525,Barbee,Brayford,bbrayfordek@posterous.com,Female,4986,20
526,Roger,Le Port,rleportel@cnet.com,Bigender,7010,33
527,Heinrik,Ramirez,hramirezem@unicef.org,Male,3172,24
528,Montgomery,Aleshkov,maleshkoven@sciencedaily.com,Male,3305,22
529,Stephannie,Braidman,sbraidmaneo@plala.or.jp,Female,9678,22
530,Nathaniel,Halward,nhalwardep@fda.gov,Male,8282,50
531,Frans,West,fwesteq@so-net.ne.jp,Male,8676,34
532,Lynn,Leatherbarrow,lleatherbarrower@etsy.com,Male,6603,23
533,Harman,Boddy,hboddyes@csmonitor.com,Male,6743,27
534,Yorgo,Chaters,ychaterset@artisteer.com,Genderqueer,7498,36
535,Frasquito,Drinkale,fdrinkaleeu@mtv.com,Male,9796,47
536,Evonne,Gianuzzi,egianuzziev@instagram.com,Female,2272,20
537,Carissa,Moresby,cmoresbyew@about.me,Female,2580,22
538,Nevins,Caulier,ncaulierex@cocolog-nifty.com,Male,5314,26
539,Willis,Caughey,wcaugheyey@vkontakte.ru,Male,8359,50
540,Bryce,Donoghue,bdonoghueez@hud.gov,Male,5151,29
541,Val,Loutheane,vloutheanef0@yelp.com,Female,3519,23
542,Cristy,Walcar,cwalcarf1@123-reg.co.uk,Female,7192,21
543,Gennie,Element,gelementf2@house.gov,Female,2868,42
544,Urbain,Bowers,ubowersf3@irs.gov,Male,2095,50
545,Thane,Tennock,ttennockf4@hostgator.com,Male,3506,28
546,Skip,Plewright,splewrightf5@ifeng.com,Male,1391,20
547,Sharity,Jelk,sjelkf6@bloglovin.com,Polygender,2726,22
548,Hube,Innocenti,hinnocentif7@google.it,Male,5807,40
549,Franklin,Ochterlony,fochterlonyf8@instagram.com,Male,2900,37
550,Terri-jo,Dellar,tdellarf9@slideshare.net,Female,4654,24
551,Pierce,Dickerline,pdickerlinefa@cbc.ca,Male,8420,50
552,Sal,Finnick,sfinnickfb@mashable.com,Female,9937,25
553,Fletcher,Wikey,fwikeyfc@bravesites.com,Male,6828,26
554,Karina,Kenion,kkenionfd@addthis.com,Female,5717,23
555,Wesley,Rawstron,wrawstronfe@ed.gov,Male,1219,29
556,Maury,Dyball,mdyballff@google.ca,Male,8102,46
557,Karlan,Van Arsdall,kvanarsdallfg@domainmarket.com,Male,9303,35
558,Marita,Japp,mjappfh@hatena.ne.jp,Female,5138,24
559,Addie,Arnauduc,aarnauducfi@nba.com,Male,4698,28
560,Kathi,Insko,kinskofj@gov.uk,Female,1178,23
561,Colin,Petru,cpetrufk@paginegialle.it,Male,5549,22
562,Marisa,Tammadge,mtammadgefl@themeforest.net,Female,6220,50
563,Perice,McMichan,pmcmichanfm@fema.gov,Male,8327,27
564,Raul,Rochester,rrochesterfn@dailymail.co.uk,Male,5237,49
565,Connie,Coppo,ccoppofo@bing.com,Female,4597,46
566,Leshia,Frankling,lfranklingfp@ow.ly,Female,4435,39
567,Cassondra,Cartman,ccartmanfq@360.cn,Female,2778,49
568,Alissa,Finnimore,afinnimorefr@mediafire.com,Female,4297,41
569,Nicholas,Brann,nbrannfs@jugem.jp,Male,2159,43
570,Arthur,Triplow,atriplowft@java.com,Male,4188,35
571,Job,Gravestone,jgravestonefu@wunderground.com,Male,9549,48
572,Eduard,Frood,efroodfv@usnews.com,Male,5463,43
573,Vina,Duck,vduckfw@loc.gov,Female,1638,37
574,Merrick,McSharry,mmcsharryfx@facebook.com,Male,3560,27
575,Billi,Kibel,bkibelfy@phoca.cz,Female,7893,48
576,Gibby,Dunford,gdunfordfz@oracle.com,Male,6647,35
577,Warner,Di Lucia,wdiluciag0@pcworld.com,Male,7728,34
578,Corinne,Kobisch,ckobischg1@ft.com,Female,8688,21
579,Tonie,Negal,tnegalg2@reverbnation.com,Female,7747,46
580,Hernando,Gosson,hgossong3@hexun.com,Male,5206,22
581,Norene,Dudding,nduddingg4@ted.com,Female,3022,44
582,Cad,Angear,cangearg5@nytimes.com,Male,3763,42
583,Ramonda,Martugin,rmartuging6@deliciousdays.com,Female,1494,44
584,Alyce,Nelle,anelleg7@godaddy.com,Genderfluid,9633,25
585,Prince,Willson,pwillsong8@livejournal.com,Male,3380,50
586,Winnie,Brickett,wbrickettg9@stanford.edu,Male,7630,27
587,Rowland,Lack,rlackga@noaa.gov,Male,7801,31
588,Rhys,Scotchmore,rscotchmoregb@smugmug.com,Male,3501,43
589,Allard,Pryn,apryngc@hubpages.com,Male,5466,28
590,Gillan,Lamperd,glamperdgd@apache.org,Female,3950,47
591,Rosette,Barrable,rbarrablege@tumblr.com,Female,4171,22
592,Conway,Gasticke,cgastickegf@storify.com,Male,7586,37
593,Rees,Lean,rleangg@sphinn.com,Male,3104,37
594,Tedra,O'Luney,toluneygh@slashdot.org,Female,8059,37
595,Gigi,Fidele,gfidelegi@va.gov,Female,8437,31
596,Gideon,Andrioli,gandrioligj@hc360.com,Male,4877,25
597,Catriona,Gerb,cgerbgk@unesco.org,Female,9527,24
598,Filbert,Flello,fflellogl@jiathis.com,Male,9933,45
599,D'arcy,Eringey,deringeygm@webeden.co.uk,Male,7507,47
600,Anet,Housby,ahousbygn@aol.com,Female,5431,34
601,Joshua,D'orsay,jdorsaygo@indiegogo.com,Male,7273,35
602,Viviene,Collier,vcolliergp@over-blog.com,Female,7793,46
603,Anallise,Goor,agoorgq@w3.org,Female,4145,42
604,De witt,Drowsfield,ddrowsfieldgr@baidu.com,Male,5988,50
605,Pepita,Hembry,phembrygs@epa.gov,Female,9627,42
606,Levon,Dossetter,ldossettergt@sitemeter.com,Male,9145,41
607,Rayner,Skynner,rskynnergu@census.gov,Male,3239,25
608,Antin,Wray,awraygv@nyu.edu,Male,4705,39
609,Kaylee,Kenneford,kkennefordgw@uol.com.br,Female,1906,49
610,Loria,Denley,ldenleygx@army.mil,Female,3181,40
611,Eleni,Ross,erossgy@ftc.gov,Female,5279,24
612,Philbert,Fairham,pfairhamgz@taobao.com,Male,9862,42
613,Aurelia,Scoggin,ascogginh0@mediafire.com,Female,9577,21
614,Ragnar,Vodden,rvoddenh1@omniture.com,Agender,7133,32
615,Bernetta,McIlhone,bmcilhoneh2@china.com.cn,Female,2813,41
616,Rodge,Jacobowitz,rjacobowitzh3@hostgator.com,Male,5387,40
617,Melania,Seleway,mselewayh4@etsy.com,Female,3234,26
618,Andie,Mancell,amancellh5@pbs.org,Female,1605,21
619,Dale,Leggott,dleggotth6@reverbnation.com,Female,9326,36
620,Karen,Benterman,kbentermanh7@biglobe.ne.jp,Female,7212,33
621,Elora,Pylkynyton,epylkynytonh8@amazon.de,Female,8193,33
622,Dare,Cottel,dcottelh9@state.gov,Male,8828,28
623,Barrie,Corradetti,bcorradettiha@mtv.com,Female,9342,37
624,Catarina,Spink,cspinkhb@studiopress.com,Female,2851,40
625,Anitra,McGeachy,amcgeachyhc@photobucket.com,Female,2431,37
626,Gaylor,Reah,greahhd@ycombinator.com,Male,8159,33
627,Cortie,Pulhoster,cpulhosterhe@hubpages.com,Male,5679,34
628,Venus,Spurge,vspurgehf@home.pl,Female,5784,28
629,Corbet,McKeon,cmckeonhg@cbc.ca,Male,8603,34
630,Emmie,Cassella,ecassellahh@printfriendly.com,Female,1416,36
631,Christian,Ciccarello,cciccarellohi@zdnet.com,Male,1583,36
632,Jase,Ferris,jferrishj@4shared.com,Male,2514,45
633,Munmro,Crosston,mcrosstonhk@g.co,Male,7017,43
634,Rea,Leggon,rleggonhl@hc360.com,Female,5014,49
635,Perren,Florez,pflorezhm@wikia.com,Male,2103,46
636,Frederik,Pepall,fpepallhn@technorati.com,Male,4075,27
637,Robbert,Boleyn,rboleynho@bravesites.com,Male,1636,31
638,Marjory,Bick,mbickhp@techcrunch.com,Agender,7837,48
639,Lark,Rostern,lrosternhq@biglobe.ne.jp,Female,1399,50
640,Melosa,MacCroary,mmaccroaryhr@cmu.edu,Female,2139,38
641,Marys,Clapson,mclapsonhs@gov.uk,Female,8296,30
642,Rowena,Beilby,rbeilbyht@vimeo.com,Female,4176,22
643,Kiley,Inggall,kinggallhu@blogger.com,Female,8775,21
644,Cedric,Bangley,cbangleyhv@mayoclinic.com,Male,9581,50
645,Edvard,Sparrowhawk,esparrowhawkhw@nasa.gov,Male,2849,41
646,Urson,Earland,uearlandhx@webs.com,Male,8245,29
647,Jordain,Calrow,jcalrowhy@aboutads.info,Non-binary,5907,44
648,Troy,McCamish,tmccamishhz@disqus.com,Male,8134,28
649,Nikolia,MacKereth,nmackerethi0@bbb.org,Female,5346,46
650,Onofredo,Rabbet,orabbeti1@cnbc.com,Male,9101,38
651,Monique,Cubitt,mcubitti2@psu.edu,Agender,9537,29
652,Georgie,Matelyunas,gmatelyunasi3@gravatar.com,Female,7068,27
653,Flemming,Munt,fmunti4@aboutads.info,Male,2393,42
654,Rosabel,Dufore,rduforei5@sina.com.cn,Female,7922,31
655,Ashton,Lettsom,alettsomi6@huffingtonpost.com,Male,7162,50
656,Kit,Paulino,kpaulinoi7@webnode.com,Male,5739,40
657,Nickola,Staresmeare,nstaresmearei8@ucsd.edu,Male,1233,26
658,Carey,Delooze,cdeloozei9@admin.ch,Male,3572,29
659,Malva,Broadwell,mbroadwellia@netvibes.com,Female,5931,32
660,Wernher,Steggles,wstegglesib@wordpress.org,Male,5404,23
661,Cindy,Scobbie,cscobbieic@cbc.ca,Genderqueer,7005,49
662,Ronnie,Hadleigh,rhadleighid@mtv.com,Male,8042,37
663,Hubert,Dielhenn,hdielhennie@constantcontact.com,Male,5760,26
664,Yves,Semmence,ysemmenceif@abc.net.au,Male,3768,26
665,Tildie,MacCarrick,tmaccarrickig@is.gd,Non-binary,2470,26
666,Aldin,Plewman,aplewmanih@vk.com,Male,7678,25
667,Yvon,Chree,ychreeii@sun.com,Male,1327,25
668,Jacquie,Gietz,jgietzij@goo.gl,Female,7017,46
669,Queenie,Glasscoe,qglasscoeik@uol.com.br,Female,7361,46
670,Gratiana,Steere,gsteereil@free.fr,Agender,6646,20
671,Alexina,Dinsale,adinsaleim@cbslocal.com,Female,9148,40
672,Malchy,Renowden,mrenowdenin@hao123.com,Male,4811,34
673,Gertrud,Borland,gborlandio@aol.com,Female,9748,25
674,Isaac,Southway,isouthwayip@kickstarter.com,Male,2300,47
675,Sarita,Yakovitch,syakovitchiq@howstuffworks.com,Female,2790,49
676,Syman,Stud,sstudir@wunderground.com,Genderfluid,9138,43
677,Lynde,Fernihough,lfernihoughis@wikimedia.org,Female,4469,29
678,Pebrook,Lindell,plindellit@google.de,Male,8212,31
679,Boonie,Paslow,bpaslowiu@dot.gov,Genderqueer,9075,33
680,Burke,Bowland,bbowlandiv@arstechnica.com,Male,4440,46
681,Jelene,Kinglake,jkinglakeiw@plala.or.jp,Female,3968,26
682,Trumann,Evason,tevasonix@hugedomains.com,Male,2656,31
683,Dorey,Dering,dderingiy@nymag.com,Female,9651,47
684,Nikos,Auchterlony,nauchterlonyiz@oracle.com,Male,1622,40
685,Bell,Thurske,bthurskej0@patch.com,Female,1539,44
686,Suzi,Halwill,shalwillj1@biblegateway.com,Female,9659,21
687,Evanne,Coulling,ecoullingj2@google.com.br,Bigender,5906,31
688,Maurizia,Flockhart,mflockhartj3@elegantthemes.com,Female,9074,28
689,Nert,Aluard,naluardj4@scribd.com,Female,2054,43
690,Josias,Chard,jchardj5@cpanel.net,Male,4152,29
691,Devland,Duley,dduleyj6@macromedia.com,Male,6648,33
692,Roseanna,Siggin,rsigginj7@fda.gov,Female,4243,24
693,Montgomery,Lingley,mlingleyj8@prlog.org,Agender,2969,44
694,Yvette,Bedbrough,ybedbroughj9@reuters.com,Non-binary,5239,44
695,Jordanna,Andree,jandreeja@friendfeed.com,Female,7128,24
696,Demeter,Kaveney,dkaveneyjb@patch.com,Female,4354,25
697,Josy,Kubach,jkubachjc@sina.com.cn,Female,4675,33
698,Chastity,Goodered,cgooderedjd@gmpg.org,Female,3658,34
699,Marianne,Batistelli,mbatistellije@pagesperso-orange.fr,Female,8029,21
700,Daren,Breton,dbretonjf@slashdot.org,Male,2813,31
701,Marijo,Arlet,marletjg@chronoengine.com,Female,5025,33
702,Bernadene,Kleinzweig,bkleinzweigjh@mysql.com,Female,5235,31
703,Ynes,Ellingworth,yellingworthji@wordpress.org,Female,6977,49
704,Rikki,Broughton,rbroughtonjj@hatena.ne.jp,Polygender,3850,28
705,Adorne,Tyres,atyresjk@dailymail.co.uk,Polygender,8207,35
706,Riane,Dominka,rdominkajl@phoca.cz,Female,5204,50
707,Kaja,Eagger,keaggerjm@homestead.com,Female,6234,46
708,Reggis,Nutbeem,rnutbeemjn@nih.gov,Male,5741,26
709,Roman,Wearing,rwearingjo@discovery.com,Male,8854,25
710,Ole,Perritt,operrittjp@simplemachines.org,Non-binary,4061,47
711,Kissie,MacAree,kmacareejq@indiegogo.com,Female,1411,44
712,Zacharias,Ussher,zussherjr@freewebs.com,Male,8986,45
713,Frederica,Bamell,fbamelljs@unesco.org,Female,1231,34
714,Ailis,Sturgis,asturgisjt@plala.or.jp,Female,6158,22
715,Cly,Paxman,cpaxmanju@furl.net,Male,5020,33
716,Demetra,Eschelle,deschellejv@arstechnica.com,Polygender,5878,41
717,Burke,Antognozzii,bantognozziijw@yolasite.com,Male,9858,31
718,Randene,Shillabeare,rshillabearejx@walmart.com,Female,2488,21
719,Desi,Chritchlow,dchritchlowjy@webeden.co.uk,Male,8215,47
720,Brose,Busch,bbuschjz@usnews.com,Male,4317,44
721,Tobe,Gaskall,tgaskallk0@ning.com,Male,7666,46
722,Isiahi,Fricke,ifrickek1@paypal.com,Male,6523,30
723,Nat,Abrey,nabreyk2@engadget.com,Male,9245,40
724,Thomasina,Smee,tsmeek3@npr.org,Female,6964,42
725,Minor,Tyres,mtyresk4@earthlink.net,Male,7552,32
726,Sly,Bimrose,sbimrosek5@businessweek.com,Male,1736,23
727,Kimbell,Brusby,kbrusbyk6@mozilla.org,Male,9924,25
728,Alina,Willavoys,awillavoysk7@yolasite.com,Female,6804,27
729,Marline,Ledgley,mledgleyk8@youtu.be,Female,6863,35
730,Chalmers,Mattiuzzi,cmattiuzzik9@bluehost.com,Male,1698,33
731,Buckie,Taylot,btaylotka@digg.com,Male,1935,41
732,Margi,Gaspard,mgaspardkb@shinystat.com,Female,3413,22
733,Ham,Benneyworth,hbenneyworthkc@noaa.gov,Genderfluid,3879,30
734,Clemmie,Sinclaire,csinclairekd@fc2.com,Male,9281,48
735,Bendicty,Aven,bavenke@prlog.org,Male,1986,40
736,Tyrus,Guerrier,tguerrierkf@who.int,Male,9354,45
737,Lynnea,Hordell,lhordellkg@usa.gov,Polygender,6374,36
738,Vivienne,Extal,vextalkh@free.fr,Female,5273,26
739,Cherise,Tomala,ctomalaki@mit.edu,Female,7277,30
740,Fawne,Skayman,fskaymankj@jimdo.com,Female,3986,31
741,Ange,Davidow,adavidowkk@usnews.com,Male,7563,20
742,Lyman,Cornew,lcornewkl@xrea.com,Male,7062,29
743,Tad,Rowlands,trowlandskm@about.me,Male,2836,27
744,Celestina,Ickovicz,cickoviczkn@xing.com,Female,4253,25
745,Bambi,Spurden,bspurdenko@mlb.com,Female,8037,42
746,Tiphani,Kunert,tkunertkp@jalbum.net,Bigender,7308,34
747,Kaine,Sommerly,ksommerlykq@smh.com.au,Male,9137,27
748,Letitia,Duckhouse,lduckhousekr@washington.edu,Female,5303,26
749,Lambert,Mallender,lmallenderks@ucla.edu,Male,5475,35
750,Donnie,Vasilevich,dvasilevichkt@wikimedia.org,Female,5595,34
751,Brier,Loidl,bloidlku@prnewswire.com,Female,2528,50
752,Baudoin,Smartman,bsmartmankv@jiathis.com,Male,3681,31
753,Audrie,Avard,aavardkw@adobe.com,Female,6683,28
754,Stanislaus,Eburne,seburnekx@themeforest.net,Male,7484,24
755,Ginny,Oxenford,goxenfordky@bloglovin.com,Female,6774,21
756,Wallache,Devil,wdevilkz@youku.com,Male,8947,31
757,Nealy,Janicek,njanicekl0@odnoklassniki.ru,Male,9877,46
758,Thelma,Jorat,tjoratl1@etsy.com,Genderfluid,8672,31
759,Courtney,Skill,cskilll2@yolasite.com,Male,1432,50
760,Hetti,Domniney,hdomnineyl3@sina.com.cn,Female,6162,32
761,Ethelin,Goggin,egogginl4@spiegel.de,Female,1506,20
762,Shelton,Nisbet,snisbetl5@fastcompany.com,Male,4178,28
763,Mason,McCraw,mmccrawl6@usgs.gov,Male,7007,49
764,Yanaton,Laba,ylabal7@e-recht24.de,Male,2852,32
765,Maurise,Flay,mflayl8@va.gov,Female,4176,40
766,Livvie,Barthelme,lbarthelmel9@omniture.com,Female,9803,49
767,Egbert,Vosper,evosperla@moonfruit.com,Male,9877,22
768,Dari,Woliter,dwoliterlb@zdnet.com,Female,7309,46
769,Aguste,Brilon,abrilonlc@homestead.com,Male,6485,44
770,Rickard,Huriche,rhuricheld@lulu.com,Male,7656,37
771,Aliza,Lydon,alydonle@scribd.com,Female,1634,46
772,Dyan,Storkes,dstorkeslf@dion.ne.jp,Female,4350,43
773,Gerty,Beckinsale,gbeckinsalelg@umn.edu,Female,9196,28
774,Rudd,Hebblewhite,rhebblewhitelh@slate.com,Male,9991,30
775,Poul,Esgate,pesgateli@fotki.com,Male,1795,29
776,Karie,Cowerd,kcowerdlj@goo.ne.jp,Female,8340,39
777,Ursulina,Twiggs,utwiggslk@bigcartel.com,Female,6996,41
778,Devina,Blinco,dblincoll@dagondesign.com,Female,2099,36
779,Ernestus,Plait,eplaitlm@blogtalkradio.com,Male,8802,45
780,Robinette,Howlett,rhowlettln@indiegogo.com,Female,2695,35
781,Jolene,Baversor,jbaversorlo@amazon.com,Bigender,2525,43
782,Ula,Eassom,ueassomlp@soundcloud.com,Female,9126,21
783,Gweneth,Spriggin,gsprigginlq@washingtonpost.com,Female,7246,34
784,Brice,Edlington,bedlingtonlr@people.com.cn,Male,3910,29
785,Killie,Blazeby,kblazebyls@bigcartel.com,Male,9324,43
786,Patrizius,Edbrooke,pedbrookelt@cmu.edu,Male,7293,41
787,Merlina,Gander,mganderlu@51.la,Female,2963,46
788,Carmelina,Mieville,cmievillelv@cisco.com,Female,7424,32
789,Shantee,Cousans,scousanslw@sphinn.com,Female,9987,21
790,Griz,Akred,gakredlx@1und1.de,Male,5334,29
791,Vinson,Bocking,vbockingly@pinterest.com,Male,5030,37
792,Larry,Saggs,lsaggslz@walmart.com,Male,2113,48
793,Grange,Levison,glevisonm0@cornell.edu,Male,3569,35
794,Myrle,Mullaly,mmullalym1@list-manage.com,Female,5058,44
795,Charlton,Matuszak,cmatuszakm2@ebay.com,Male,2608,22
796,Gualterio,Kupis,gkupism3@slideshare.net,Male,6724,33
797,Denice,Balazot,dbalazotm4@fema.gov,Female,6173,43
798,Iormina,McCotter,imccotterm5@amazon.co.jp,Female,8876,47
799,Paloma,Burdikin,pburdikinm6@jigsy.com,Female,3012,37
800,Dino,Tuite,dtuitem7@networkadvertising.org,Male,9910,37
801,Wilhelm,Bayston,wbaystonm8@people.com.cn,Genderqueer,4088,22
802,Oberon,Lassells,olassellsm9@feedburner.com,Male,9698,42
803,Charlot,Joppich,cjoppichma@patch.com,Female,7880,25
804,Annamarie,Haill,ahaillmb@about.me,Female,8101,40
805,Earvin,Matyja,ematyjamc@weather.com,Male,4867,47
806,Bette-ann,Doddridge,bdoddridgemd@auda.org.au,Female,7207,29
807,Maxim,Rivalant,mrivalantme@wordpress.org,Male,2750,32
808,Freedman,Beacom,fbeacommf@yelp.com,Male,2685,38
809,Daveta,Nabbs,dnabbsmg@bravesites.com,Agender,9804,30
810,Mandy,Tutton,mtuttonmh@constantcontact.com,Female,8936,40
811,Della,Barlow,dbarlowmi@latimes.com,Female,2396,22
812,Salvatore,Ruddiforth,sruddiforthmj@alexa.com,Male,3643,44
813,Ynes,Bleasdale,ybleasdalemk@symantec.com,Female,8010,42
814,Tina,Fearey,tfeareyml@i2i.jp,Female,7415,31
815,Anthia,Slocket,aslocketmm@nasa.gov,Female,5826,42
816,Gavra,Reding,gredingmn@psu.edu,Female,9662,50
817,Peg,Pigram,ppigrammo@dailymail.co.uk,Female,4713,28
818,Pammy,Keward,pkewardmp@typepad.com,Non-binary,3245,21
819,Dolley,Canepe,dcanepemq@reddit.com,Female,1450,30
820,Evvie,Largan,elarganmr@wunderground.com,Female,8720,41
821,Lowrance,aManger,lamangerms@state.tx.us,Male,5229,31
822,Honoria,Corradini,hcorradinimt@spiegel.de,Female,6575,25
823,Johna,Heskin,jheskinmu@multiply.com,Female,2190,35
824,Malia,Picheford,mpichefordmv@over-blog.com,Genderqueer,2238,20
825,Carlin,Wren,cwrenmw@jigsy.com,Male,3194,36
826,Ware,Raine,wrainemx@gravatar.com,Agender,2637,48
827,Isabeau,Upham,iuphammy@naver.com,Female,6223,41
828,Venita,Woodall,vwoodallmz@hexun.com,Female,6170,22
829,Myles,Grimwade,mgrimwaden0@twitter.com,Male,1980,40
830,Cathleen,Obray,cobrayn1@tmall.com,Female,4763,36
831,Marabel,Le Barr,mlebarrn2@stumbleupon.com,Female,2800,28
832,Jarrett,Janaway,jjanawayn3@wikia.com,Male,9461,36
833,Grady,Brunstan,gbrunstann4@eepurl.com,Male,2348,29
834,Atalanta,Curtain,acurtainn5@tumblr.com,Female,7312,27
835,Ellis,Caldecourt,ecaldecourtn6@github.io,Male,6457,23
836,Gordie,Stagg,gstaggn7@irs.gov,Male,4440,45
837,Bay,Fennelow,bfennelown8@liveinternet.ru,Male,7377,45
838,Nerta,Rodge,nrodgen9@rakuten.co.jp,Female,4007,38
839,Carin,Twatt,ctwattna@comsenz.com,Female,7798,27
840,Kris,Dalmon,kdalmonnb@apple.com,Male,4510,26
841,Elliott,Furman,efurmannc@google.co.uk,Male,4988,27
842,Shalom,Duke,sdukend@list-manage.com,Male,1479,36
843,Darya,Souter,dsouterne@51.la,Non-binary,9918,21
844,Hastie,Winyard,hwinyardnf@guardian.co.uk,Male,5415,27
845,Talbot,Decroix,tdecroixng@nytimes.com,Agender,5233,50
846,Nerte,Hacket,nhacketnh@amazon.de,Female,9766,42
847,Bellina,Dowse,bdowseni@comcast.net,Female,8516,21
848,Corbie,Gisburn,cgisburnnj@fastcompany.com,Male,7186,32
849,Tyson,Shiel,tshielnk@reddit.com,Male,5388,44
850,Theo,Symon,tsymonnl@google.es,Female,8139,33
851,Chiquita,McQuaker,cmcquakernm@google.com.br,Female,3285,40
852,Tris,Bossom,tbossomnn@desdev.cn,Male,7569,32
853,Davita,Papaminas,dpapaminasno@usa.gov,Female,7068,35
854,Norry,Deppe,ndeppenp@time.com,Female,6785,40
855,Ximenes,Claeskens,xclaeskensnq@sourceforge.net,Male,4115,31
856,Theresita,Lawranson,tlawransonnr@miitbeian.gov.cn,Female,6119,25
857,Cari,Sturte,csturtens@cam.ac.uk,Female,6506,25
858,Kylynn,Choppin,kchoppinnt@columbia.edu,Female,7153,37
859,Colman,D'Hooge,cdhoogenu@toplist.cz,Male,8541,28
860,Saleem,Charsley,scharsleynv@amazonaws.com,Male,2789,31
861,Ahmad,Clemencet,aclemencetnw@japanpost.jp,Male,8327,24
862,Tiler,Ferrarello,tferrarellonx@skyrock.com,Male,9223,46
863,Porty,Baskeyfied,pbaskeyfiedny@zdnet.com,Male,8865,32
864,Norton,Skamell,nskamellnz@opera.com,Male,1739,31
865,Fan,Hartin,fhartino0@mozilla.org,Female,4180,47
866,Vince,Bisco,vbiscoo1@360.cn,Male,4509,28
867,Clayton,Paolinelli,cpaolinellio2@state.gov,Male,2154,26
868,Gothart,Venables,gvenableso3@trellian.com,Male,7078,45
869,Meredith,McCloy,mmccloyo4@livejournal.com,Male,1526,29
870,Jolee,Swainson,jswainsono5@mlb.com,Polygender,4694,48
871,Albertina,Bartolomeotti,abartolomeottio6@businessweek.com,Polygender,9012,38
872,Carol-jean,Kovnot,ckovnoto7@state.tx.us,Female,5532,28
873,Kristos,Sandall,ksandallo8@multiply.com,Male,5787,42
874,Duane,Connah,dconnaho9@dropbox.com,Male,6381,38
875,Vernice,Scud,vscudoa@bigcartel.com,Female,6701,24
876,Thomas,Dunnan,tdunnanob@blinklist.com,Polygender,2057,21
877,Elenore,Thebe,ethebeoc@nbcnews.com,Female,1970,26
878,Berte,Statter,bstatterod@hubpages.com,Female,1577,34
879,Rosamond,Niemetz,rniemetzoe@usatoday.com,Female,5257,23
880,Trenna,Denacamp,tdenacampof@miitbeian.gov.cn,Female,4365,20
881,Vasilis,Nanelli,vnanelliog@globo.com,Male,1147,30
882,Stacy,Overthrow,soverthrowoh@mapy.cz,Polygender,3320,37
883,Selestina,Goodey,sgoodeyoi@scientificamerican.com,Female,2756,42
884,Ronni,Gerish,rgerishoj@list-manage.com,Female,1775,35
885,Marylin,Meconi,mmeconiok@google.co.uk,Female,8213,49
886,Ferdinande,Dash,fdashol@people.com.cn,Female,5342,36
887,Dorene,Leggs,dleggsom@theguardian.com,Female,3830,27
888,Eb,Finnick,efinnickon@dedecms.com,Male,6673,33
889,Pascale,Dewitt,pdewittoo@redcross.org,Male,7602,20
890,Roselin,Dyson,rdysonop@eventbrite.com,Female,4687,47
891,Gayleen,Gorini,ggorinioq@github.io,Female,6017,28
892,Nataniel,Marrow,nmarrowor@shutterfly.com,Male,3677,28
893,Raquela,Gres,rgresos@google.nl,Female,1856,45
894,Viva,Port,vportot@fotki.com,Female,6230,25
895,Rubin,Londer,rlonderou@miitbeian.gov.cn,Male,2134,44
896,Terence,Swadlen,tswadlenov@deviantart.com,Male,2059,50
897,Merrili,Milton,mmiltonow@blog.com,Female,8608,47
898,Gene,Powland,gpowlandox@skype.com,Female,2217,50
899,Guss,Kiely,gkielyoy@dailymotion.com,Non-binary,9036,21
900,Kean,Kingswood,kkingswoodoz@sitemeter.com,Male,9175,35
901,Sarene,Ridgley,sridgleyp0@woothemes.com,Female,6513,33
902,Patsy,Delafont,pdelafontp1@nba.com,Female,5589,30
903,Gav,Garfit,ggarfitp2@virginia.edu,Male,8158,49
904,Anett,Theobald,atheobaldp3@patch.com,Female,9640,20
905,Augusta,Klageman,aklagemanp4@home.pl,Female,9510,41
906,Philbert,Baggott,pbaggottp5@topsy.com,Male,9485,38
907,Dukie,Dorrian,ddorrianp6@macromedia.com,Male,1710,26
908,Joy,Gallaher,jgallaherp7@gov.uk,Female,5962,23
909,Timothee,Imm,timmp8@tinypic.com,Male,1366,36
910,Dorris,Trenbey,dtrenbeyp9@wired.com,Female,8840,30
911,Alasdair,Baseley,abaseleypa@chicagotribune.com,Male,2999,42
912,Portia,Handscombe,phandscombepb@constantcontact.com,Female,6302,32
913,Seline,Wolfer,swolferpc@w3.org,Female,9807,22
914,Lauren,Seiler,lseilerpd@cisco.com,Female,2867,40
915,Garey,Robathon,grobathonpe@howstuffworks.com,Male,2928,44
916,Jo-anne,Brinicombe,jbrinicombepf@usnews.com,Female,3740,34
917,Louisa,Lippatt,llippattpg@ebay.com,Female,2864,43
918,Friederike,Ennals,fennalsph@hexun.com,Female,1441,41
919,Mahmud,Querree,mquerreepi@usda.gov,Male,9614,24
920,Shay,Hazley,shazleypj@printfriendly.com,Male,2487,22
921,Domingo,Howard,dhowardpk@army.mil,Male,4893,23
922,Cheston,Congreve,ccongrevepl@virginia.edu,Male,1376,31
923,Fields,Probbing,fprobbingpm@wikipedia.org,Bigender,6757,24
924,Veronika,Cavolini,vcavolinipn@example.com,Female,5697,20
925,Elden,Woodcock,ewoodcockpo@mail.ru,Male,1240,28
926,Osbourn,Belle,obellepp@aboutads.info,Male,6040,43
927,Brunhilde,Willimott,bwillimottpq@dailymail.co.uk,Non-binary,7310,34
928,Bride,Burgum,bburgumpr@nationalgeographic.com,Female,5631,21
929,Adrianne,Utton,auttonps@walmart.com,Female,9956,49
930,Zane,Matthesius,zmatthesiuspt@yale.edu,Male,6254,33
931,Melvyn,Birney,mbirneypu@blogtalkradio.com,Male,3649,50
932,Kahlil,Sizzey,ksizzeypv@economist.com,Male,1317,25
933,Daven,Rothman,drothmanpw@prweb.com,Male,4913,48
934,Boniface,Vinck,bvinckpx@ucsd.edu,Male,3375,38
935,Clevie,Underhill,cunderhillpy@icq.com,Male,4235,20
936,Nevins,Lodden,nloddenpz@usnews.com,Male,7547,45
937,Harry,Gosalvez,hgosalvezq0@ask.com,Male,8036,27
938,Sven,Tunsley,stunsleyq1@hostgator.com,Male,1096,20
939,Idette,Gail,igailq2@pinterest.com,Female,3345,35
940,Scot,Wallsam,swallsamq3@cornell.edu,Male,7672,27
941,Karim,Ciccone,kcicconeq4@usatoday.com,Male,2687,50
942,Edgard,Whenman,ewhenmanq5@cdbaby.com,Genderqueer,3842,28
943,Marcelle,Vogelein,mvogeleinq6@un.org,Polygender,1424,37
944,Lia,Rubbens,lrubbensq7@google.it,Female,3803,44
945,Inna,Cookes,icookesq8@so-net.ne.jp,Female,5433,44
946,Ameline,Potier,apotierq9@bbb.org,Female,9053,49
947,Marlo,Linger,mlingerqa@sun.com,Female,3296,28
948,Larisa,Vowles,lvowlesqb@indiatimes.com,Female,1689,49
949,Gail,Laise,glaiseqc@amazon.co.jp,Male,9072,40
950,Sandro,Warlow,swarlowqd@wordpress.org,Male,1374,35
951,Mabel,Jarmaine,mjarmaineqe@meetup.com,Female,6565,37
952,Clayborn,Hugli,chugliqf@wufoo.com,Male,8887,49
953,Curt,Boissier,cboissierqg@slideshare.net,Male,2596,29
954,Erny,Mackieson,emackiesonqh@tripod.com,Male,4558,29
955,Annie,Rumney,arumneyqi@google.com,Female,8438,43
956,Wandis,Lamswood,wlamswoodqj@blogspot.com,Genderfluid,9060,43
957,Alvis,Naden,anadenqk@youku.com,Male,7360,24
958,Kathie,Foulkes,kfoulkesql@admin.ch,Female,5868,37
959,Ahmed,Rubberts,arubbertsqm@cisco.com,Male,9952,50
960,Geno,Ambrogetti,gambrogettiqn@imgur.com,Genderqueer,9128,22
961,Gabie,Dolohunty,gdolohuntyqo@aboutads.info,Male,1992,27
962,Lesya,Gretton,lgrettonqp@histats.com,Female,7261,45
963,Babara,Davana,bdavanaqq@blogger.com,Female,1179,25
964,Shirley,Caret,scaretqr@blogtalkradio.com,Female,3984,31
965,Loydie,Kording,lkordingqs@google.de,Male,8624,30
966,Hedwig,Hizir,hhizirqt@altervista.org,Female,1584,27
967,Steffie,Skeat,sskeatqu@freewebs.com,Female,5234,29
968,Emmerich,Manueli,emanueliqv@twitter.com,Male,2535,28
969,Cristabel,Tessington,ctessingtonqw@reverbnation.com,Female,8848,40
970,Ariana,Young,ayoungqx@wikipedia.org,Female,9708,26
971,Linus,Gregory,lgregoryqy@vinaora.com,Male,6646,33
972,Christina,Totterdell,ctotterdellqz@wikipedia.org,Female,5546,50
973,Lowell,Haselup,lhaselupr0@prweb.com,Male,3214,43
974,Rasia,Killiner,rkillinerr1@blogtalkradio.com,Female,9741,22
975,Madelaine,Jacobsson,mjacobssonr2@umn.edu,Female,9322,30
976,Rosalie,Yandell,ryandellr3@cbslocal.com,Female,2339,29
977,Domenico,Polycote,dpolycoter4@uiuc.edu,Male,7839,34
978,De witt,Lamartine,dlamartiner5@fda.gov,Male,3411,26
979,Dael,Freschini,dfreschinir6@google.pl,Male,9514,36
980,Ara,Moubray,amoubrayr7@de.vu,Male,2260,38
981,Carola,Wollen,cwollenr8@yahoo.co.jp,Female,1646,27
982,Lissie,Hrinchishin,lhrinchishinr9@google.es,Polygender,6001,41
983,Sheffy,Bricham,sbrichamra@wunderground.com,Male,5966,20
984,Lorene,Southgate,lsouthgaterb@delicious.com,Female,8694,23
985,Tab,Wreak,twreakrc@skyrock.com,Male,4428,24
986,Brade,Ovens,bovensrd@delicious.com,Male,6847,46
987,Stoddard,Strutley,sstrutleyre@etsy.com,Female,8077,50
988,Robers,Barbour,rbarbourrf@hugedomains.com,Male,2506,24
989,Camile,Kliemke,ckliemkerg@dropbox.com,Female,7743,44
990,Alwin,Baldung,abaldungrh@tumblr.com,Male,4889,40
991,Lyndy,Chastand,lchastandri@nytimes.com,Female,7430,26
992,Helen-elizabeth,Heaviside,hheavisiderj@gmpg.org,Female,7209,27
993,Kim,Jobb,kjobbrk@nature.com,Male,2874,44
994,Daven,Asaaf,dasaafrl@amazon.co.uk,Male,3916,29
995,Cort,Pearle,cpearlerm@eepurl.com,Male,8001,26
996,Adiana,Snyder,asnyderrn@mail.ru,Female,7819,45
997,Wynn,Beastall,wbeastallro@rakuten.co.jp,Male,3001,37
998,Selma,Gasking,sgaskingrp@networkadvertising.org,Female,3716,40
999,Elianore,Sacker,esackerrq@technorati.com,Female,7632,43
1000,Padraig,Lenard,plenardrr@who.int,Genderfluid,2433,26
